,Nom,Type,Pop21,Pop16,Km2,accroissement_population,Population_Cat21,Population_Cat16
0,Barraute,MÉ,1986.0,1968.0,493.04,0.9146341463414634,1000 à 2499,1000 à 2499
1,Berry,MÉ,535.0,538.0,575.07,-0.5576208178438662,Moins de 1000,Moins de 1000
2,Champneuf,MÉ,94.0,123.0,241.32,-23.577235772357724,Moins de 1000,Moins de 1000
3,La Corne,MÉ,778.0,719.0,308.13,8.205841446453407,Moins de 1000,Moins de 1000
4,La Morandière,MÉ,205.0,207.0,407.35,-0.966183574879227,Moins de 1000,Moins de 1000
5,La Motte,MÉ,478.0,453.0,175.48,5.518763796909492,Moins de 1000,Moins de 1000
6,Preissac,MÉ,914.0,835.0,422.13,9.461077844311378,Moins de 1000,Moins de 1000
7,Rochebaucourt,MÉ,146.0,131.0,183.63,11.450381679389313,Moins de 1000,Moins de 1000
8,Saint-Dominique-du-Rosaire,MÉ,434.0,450.0,479.89,-3.5555555555555554,Moins de 1000,Moins de 1000
9,Saint-Félix-de-Dalquier,MÉ,1026.0,940.0,113.15,9.148936170212766,1000 à 2499,1000 à 2499
10,Saint-Mathieu-d'Harricana,MÉ,770.0,739.0,105.86,4.194857916102841,Moins de 1000,Moins de 1000
11,Sainte-Gertrude-Manneville,MÉ,793.0,787.0,316.46,0.7623888182973316,Moins de 1000,Moins de 1000
12,Authier,MÉ,290.0,268.0,142.22,8.208955223880597,Moins de 1000,Moins de 1000
13,Authier-Nord,MÉ,288.0,300.0,278.05,-4.0,Moins de 1000,Moins de 1000
14,Chazel,MÉ,254.0,289.0,133.55,-12.110726643598616,Moins de 1000,Moins de 1000
15,Clerval,MÉ,373.0,371.0,99.17,0.5390835579514824,Moins de 1000,Moins de 1000
16,Dupuy,MÉ,940.0,931.0,122.43,0.966702470461869,Moins de 1000,Moins de 1000
17,Gallichan,MÉ,488.0,468.0,73.61,4.273504273504273,Moins de 1000,Moins de 1000
18,La Reine,MÉ,307.0,339.0,97.63,-9.43952802359882,Moins de 1000,Moins de 1000
19,Normétal,MÉ,778.0,808.0,55.25,-3.712871287128713,Moins de 1000,Moins de 1000
20,Palmarolle,MÉ,1386.0,1409.0,117.87,-1.6323633782824698,1000 à 2499,1000 à 2499
21,Poularies,MÉ,662.0,682.0,168.19,-2.932551319648094,Moins de 1000,Moins de 1000
22,Rapide-Danseur,MÉ,380.0,328.0,173.73,15.853658536585366,Moins de 1000,Moins de 1000
23,Roquemaure,MÉ,409.0,395.0,120.02,3.5443037974683542,Moins de 1000,Moins de 1000
24,Sainte-Germaine-Boulé,MÉ,941.0,986.0,110.04,-4.563894523326572,Moins de 1000,Moins de 1000
25,Taschereau,MÉ,898.0,963.0,246.97,-6.749740394600208,Moins de 1000,Moins de 1000
26,Val-Saint-Gilles,MÉ,169.0,157.0,109.39,7.643312101910828,Moins de 1000,Moins de 1000
27,Béthanie,MÉ,350.0,322.0,47.01,8.695652173913043,Moins de 1000,Moins de 1000
28,Saint-Théodore-d'Acton,MÉ,1564.0,1519.0,82.82,2.9624753127057275,1000 à 2499,1000 à 2499
29,Upton,MÉ,2046.0,2092.0,54.77,-2.198852772466539,1000 à 2499,1000 à 2499
30,Chute-Saint-Philippe,MÉ,1039.0,942.0,298.64,10.29723991507431,1000 à 2499,1000 à 2499
31,Ferme-Neuve,MÉ,2716.0,2706.0,786.19,0.36954915003695493,2500 à 4999,2500 à 4999
32,Kiamika,MÉ,790.0,757.0,337.53,4.359313077939234,Moins de 1000,Moins de 1000
33,L'Ascension,MÉ,899.0,791.0,334.82,13.653603034134008,Moins de 1000,Moins de 1000
34,La Macaza,MÉ,1094.0,1150.0,161.42,-4.869565217391305,1000 à 2499,1000 à 2499
35,Lac-Saint-Paul,MÉ,525.0,481.0,170.72,9.147609147609147,Moins de 1000,Moins de 1000
36,Lac-des-Écorces,MÉ,2885.0,2734.0,144.3,5.523043160204828,2500 à 4999,2500 à 4999
37,Lac-du-Cerf,MÉ,445.0,435.0,71.73,2.2988505747126435,Moins de 1000,Moins de 1000
38,Mont-Saint-Michel 3,MÉ,581.0,576.0,138.16,0.8680555555555556,Moins de 1000,Moins de 1000
39,Nominingue,MÉ,2255.0,2137.0,303.89,5.5217594759007955,1000 à 2499,1000 à 2499
40,Notre-Dame-de-Pontmain,MÉ,790.0,782.0,259.9,1.0230179028132993,Moins de 1000,Moins de 1000
41,Notre-Dame-du-Laus,MÉ,1730.0,1558.0,849.1,11.0397946084724,1000 à 2499,1000 à 2499
42,Saint-Aimé-du-Lac-des-Îles,MÉ,815.0,790.0,161.61,3.1645569620253164,Moins de 1000,Moins de 1000
43,Sainte-Anne-du-Lac,MÉ,556.0,575.0,320.73,-3.3043478260869565,Moins de 1000,Moins de 1000
44,Grenville-sur-la-Rouge,MÉ,2883.0,2824.0,313.61,2.0892351274787537,2500 à 4999,2500 à 4999
45,Mille-Isles,MÉ,1721.0,1567.0,58.73,9.82769623484365,1000 à 2499,1000 à 2499
46,Saint-André-d'Argenteuil 4,MÉ,3053.0,3020.0,97.69,1.0927152317880795,2500 à 4999,2500 à 4999
47,Chesterville,MÉ,877.0,922.0,116.72,-4.8806941431670285,Moins de 1000,Moins de 1000
48,Maddington Falls,MÉ,428.0,413.0,23.82,3.6319612590799033,Moins de 1000,Moins de 1000
49,Notre-Dame-de-Ham,MÉ,414.0,411.0,31.05,0.7299270072992701,Moins de 1000,Moins de 1000
50,Saint-Albert,MÉ,1640.0,1601.0,69.43,2.4359775140537163,1000 à 2499,1000 à 2499
51,Saint-Louis-de-Blandford,MÉ,1076.0,1011.0,104.36,6.4292779426310585,1000 à 2499,1000 à 2499
52,Saint-Norbert-d'Arthabaska,MÉ,1247.0,1157.0,102.98,7.778738115816767,1000 à 2499,1000 à 2499
53,Saint-Rémi-de-Tingwick,MÉ,446.0,458.0,72.97,-2.6200873362445414,Moins de 1000,Moins de 1000
54,Saint-Samuel,MÉ,765.0,744.0,43.21,2.8225806451612905,Moins de 1000,Moins de 1000
55,Saint-Valère,MÉ,1188.0,1263.0,108.1,-5.938242280285036,1000 à 2499,1000 à 2499
56,Sainte-Clotilde-de-Horton,MÉ,1563.0,1569.0,114.66,-0.3824091778202677,1000 à 2499,1000 à 2499
57,Sainte-Hélène-de-Chester,MÉ,384.0,374.0,83.72,2.6737967914438503,Moins de 1000,Moins de 1000
58,Sainte-Élizabeth-de-Warwick,MÉ,383.0,372.0,51.87,2.956989247311828,Moins de 1000,Moins de 1000
59,Tingwick,MÉ,1484.0,1410.0,169.48,5.24822695035461,1000 à 2499,1000 à 2499
60,Escuminac,MÉ,575.0,544.0,108.7,5.698529411764706,Moins de 1000,Moins de 1000
61,L'Ascension-de-Patapédia,MÉ,148.0,164.0,95.98,-9.75609756097561,Moins de 1000,Moins de 1000
62,Maria,MÉ,2760.0,2615.0,94.88,5.544933078393881,2500 à 4999,2500 à 4999
63,Matapédia,MÉ,566.0,645.0,71.59,-12.248062015503876,Moins de 1000,Moins de 1000
64,Nouvelle 3,MÉ,1782.0,1681.0,234.66,6.008328375966687,1000 à 2499,1000 à 2499
65,Pointe-à-la-Croix 3,MÉ,1344.0,1408.0,390.73,-4.545454545454546,1000 à 2499,1000 à 2499
66,Saint-Alexis-de-Matapédia,MÉ,519.0,500.0,84.91,3.8,Moins de 1000,Moins de 1000
67,Saint-André-de-Restigouche,MÉ,154.0,161.0,143.37,-4.3478260869565215,Moins de 1000,Moins de 1000
68,Saint-François-d'Assise,MÉ,679.0,644.0,179.34,5.434782608695652,Moins de 1000,Moins de 1000
69,Saint-Benoît-Labre,MÉ,1617.0,1630.0,85.65,-0.7975460122699386,1000 à 2499,1000 à 2499
70,Saint-Côme--Linière,MÉ,3278.0,3239.0,150.45,1.2040753318925594,2500 à 4999,2500 à 4999
71,Saint-Gédéon-de-Beauce,MÉ,2093.0,2205.0,197.37,-5.079365079365079,1000 à 2499,1000 à 2499
72,Saint-Honoré-de-Shenley 3,MÉ,1555.0,1517.0,133.96,2.5049439683586026,1000 à 2499,1000 à 2499
73,Saint-Philibert,MÉ,379.0,369.0,57.16,2.710027100271003,Moins de 1000,Moins de 1000
74,Saint-Simon-les-Mines,MÉ,573.0,549.0,47.43,4.371584699453552,Moins de 1000,Moins de 1000
75,Saint-Théophile,MÉ,702.0,713.0,427.78,-1.5427769985974755,Moins de 1000,Moins de 1000
76,Saint-Éphrem-de-Beauce,MÉ,2323.0,2400.0,118.9,-3.2083333333333335,1000 à 2499,1000 à 2499
77,Saint-Évariste-de-Forsyth 3,MÉ,511.0,545.0,110.85,-6.238532110091743,Moins de 1000,Moins de 1000
78,Saint-Stanislas-de-Kostka,MÉ,1852.0,1654.0,57.69,11.970979443772672,1000 à 2499,1000 à 2499
79,Saint-Urbain-Premier,MÉ,1332.0,1264.0,53.28,5.379746835443038,1000 à 2499,1000 à 2499
80,Saint-Étienne-de-Beauharnois,MÉ,1099.0,831.0,40.63,32.250300842358605,1000 à 2499,1000 à 2499
81,Sainte-Martine,MÉ,5664.0,5461.0,63.06,3.7172678996520783,5000 à 9999,5000 à 9999
82,Armagh,MÉ,1439.0,1488.0,167.99,-3.293010752688172,1000 à 2499,1000 à 2499
83,Beaumont,MÉ,2968.0,2942.0,44.57,0.8837525492861998,2500 à 4999,2500 à 4999
84,Honfleur,MÉ,881.0,849.0,50.67,3.7691401648998824,Moins de 1000,Moins de 1000
85,Saint-Anselme,MÉ,4047.0,3938.0,74.22,2.76790248857288,2500 à 4999,2500 à 4999
86,Saint-Charles-de-Bellechasse,MÉ,2583.0,2396.0,93.3,7.804674457429049,2500 à 4999,2500 à 4999
87,Saint-Gervais,MÉ,2138.0,2153.0,89.33,-0.6967022758941013,1000 à 2499,1000 à 2499
88,Saint-Henri,MÉ,5813.0,5611.0,122.61,3.600071288540367,5000 à 9999,5000 à 9999
89,Saint-Lazare-de-Bellechasse,MÉ,1332.0,1288.0,85.93,3.4161490683229814,1000 à 2499,1000 à 2499
90,Saint-Michel-de-Bellechasse,MÉ,1871.0,1813.0,43.08,3.1991174848317705,1000 à 2499,1000 à 2499
91,Saint-Nérée-de-Bellechasse,MÉ,744.0,742.0,75.76,0.2695417789757412,Moins de 1000,Moins de 1000
92,Saint-Raphaël,MÉ,2458.0,2390.0,121.69,2.8451882845188283,1000 à 2499,1000 à 2499
93,Saint-Vallier,MÉ,1031.0,1061.0,44.88,-2.827521206409048,1000 à 2499,1000 à 2499
94,Sainte-Claire,MÉ,3526.0,3362.0,88.14,4.878048780487805,2500 à 4999,2500 à 4999
95,Caplan,MÉ,1966.0,2024.0,85.69,-2.8656126482213438,1000 à 2499,1000 à 2499
96,Cascapédia--Saint-Jules,MÉ,764.0,730.0,164.29,4.657534246575342,Moins de 1000,Moins de 1000
97,Hope Town,MÉ,334.0,339.0,51.26,-1.4749262536873156,Moins de 1000,Moins de 1000
98,New Carlisle,MÉ,1336.0,1388.0,67.99,-3.7463976945244957,1000 à 2499,1000 à 2499
99,Saint-Alphonse,MÉ,711.0,699.0,112.09,1.7167381974248928,Moins de 1000,Moins de 1000
100,Saint-Elzéar,MÉ,464.0,458.0,204.16,1.3100436681222707,Moins de 1000,Moins de 1000
101,Shigawake,MÉ,333.0,292.0,76.82,14.04109589041096,Moins de 1000,Moins de 1000
102,Bolton-Ouest,MÉ,732.0,630.0,100.94,16.19047619047619,Moins de 1000,Moins de 1000
103,Brigham,MÉ,2282.0,2306.0,86.92,-1.0407632263660018,1000 à 2499,1000 à 2499
104,East Farnham,MÉ,612.0,554.0,5.02,10.469314079422382,Moins de 1000,Moins de 1000
105,Frelighsburg,MÉ,1123.0,1111.0,123.31,1.08010801080108,1000 à 2499,1000 à 2499
106,Notre-Dame-de-Stanbridge,MÉ,691.0,668.0,43.89,3.44311377245509,Moins de 1000,Moins de 1000
107,Pike River,MÉ,503.0,517.0,40.77,-2.7079303675048356,Moins de 1000,Moins de 1000
108,Saint-Armand,MÉ,1228.0,1205.0,83.16,1.9087136929460582,1000 à 2499,1000 à 2499
109,Saint-Ignace-de-Stanbridge,MÉ,677.0,676.0,69.42,0.14792899408284024,Moins de 1000,Moins de 1000
110,Sainte-Sabine,MÉ,1105.0,1085.0,55.33,1.8433179723502304,1000 à 2499,1000 à 2499
111,Stanbridge East,MÉ,834.0,866.0,49.41,-3.695150115473441,Moins de 1000,Moins de 1000
112,Stanbridge Station,MÉ,291.0,274.0,18.07,6.204379562043796,Moins de 1000,Moins de 1000
113,Deschaillons-sur-Saint-Laurent,MÉ,906.0,909.0,36.51,-0.33003300330033003,Moins de 1000,Moins de 1000
114,Fortierville,MÉ,660.0,669.0,44.55,-1.345291479820628,Moins de 1000,Moins de 1000
115,Lemieux,MÉ,292.0,301.0,74.6,-2.990033222591362,Moins de 1000,Moins de 1000
116,Manseau,MÉ,807.0,816.0,104.48,-1.1029411764705883,Moins de 1000,Moins de 1000
117,Saint-Pierre-les-Becquets,MÉ,1183.0,1137.0,48.14,4.0457343887423045,1000 à 2499,1000 à 2499
118,Saint-Sylvère,MÉ,786.0,791.0,86.3,-0.6321112515802781,Moins de 1000,Moins de 1000
119,Sainte-Françoise,MÉ,467.0,449.0,87.02,4.008908685968819,Moins de 1000,Moins de 1000
120,Sainte-Marie-de-Blandford,MÉ,443.0,468.0,69.3,-5.3418803418803416,Moins de 1000,Moins de 1000
121,L'Isle-aux-Coudres,MÉ,1116.0,1143.0,29.46,-2.3622047244094486,1000 à 2499,1000 à 2499
122,Les Éboulements,MÉ,1465.0,1331.0,156.19,10.067618332081143,1000 à 2499,1000 à 2499
123,Petite-Rivière-Saint-François,MÉ,953.0,814.0,133.89,17.076167076167078,Moins de 1000,Moins de 1000
124,Baie-Sainte-Catherine,MÉ,184.0,206.0,232.89,-10.679611650485437,Moins de 1000,Moins de 1000
125,Notre-Dame-des-Monts,MÉ,789.0,791.0,57.93,-0.2528445006321112,Moins de 1000,Moins de 1000
126,Saint-Aimé-des-Lacs,MÉ,1158.0,1095.0,91.61,5.7534246575342465,1000 à 2499,1000 à 2499
127,Saint-Siméon,MÉ,1139.0,1227.0,281.14,-7.171964140179299,1000 à 2499,1000 à 2499
128,Barnston-Ouest 3,MÉ,546.0,559.0,99.36,-2.3255813953488373,Moins de 1000,Moins de 1000
129,Compton,MÉ,3270.0,3131.0,206.58,4.439476205685085,2500 à 4999,2500 à 4999
130,Dixville,MÉ,732.0,696.0,76.56,5.172413793103448,Moins de 1000,Moins de 1000
131,East Hereford,MÉ,282.0,269.0,72.1,4.83271375464684,Moins de 1000,Moins de 1000
132,Martinville,MÉ,441.0,436.0,47.66,1.146788990825688,Moins de 1000,Moins de 1000
133,Saint-Herménégilde,MÉ,690.0,670.0,166.15,2.985074626865672,Moins de 1000,Moins de 1000
134,Saint-Malo,MÉ,514.0,475.0,131.83,8.210526315789474,Moins de 1000,Moins de 1000
135,Saint-Venant-de-Paquette,MÉ,69.0,97.0,58.75,-28.8659793814433,Moins de 1000,Moins de 1000
136,Stanstead-Est,MÉ,642.0,584.0,114.54,9.931506849315069,Moins de 1000,Moins de 1000
137,Grosse-Île,MÉ,464.0,465.0,32.28,-0.21505376344086022,Moins de 1000,Moins de 1000
138,Les Îles-de-la-Madeleine,MÉ,12190.0,12010.0,155.06,1.4987510407993339,plus de 10000,plus de 10000
139,La Visitation-de-l'Île-Dupas,MÉ,684.0,626.0,28.15,9.26517571884984,Moins de 1000,Moins de 1000
140,Lanoraie,MÉ,5134.0,4787.0,102.74,7.24879883016503,5000 à 9999,5000 à 9999
141,Mandeville,MÉ,2363.0,2189.0,318.21,7.948835084513476,1000 à 2499,1000 à 2499
142,Saint-Cléophas-de-Brandon,MÉ,254.0,227.0,15.34,11.894273127753303,Moins de 1000,Moins de 1000
143,Saint-Cuthbert,MÉ,1821.0,1862.0,131.72,-2.201933404940924,1000 à 2499,1000 à 2499
144,Saint-Gabriel-de-Brandon 5,MÉ,2684.0,2635.0,99.23,1.8595825426944972,2500 à 4999,2500 à 4999
145,Saint-Ignace-de-Loyola,MÉ,2048.0,2049.0,31.9,-0.04880429477794046,1000 à 2499,1000 à 2499
146,Sainte-Geneviève-de-Berthier,MÉ,2253.0,2280.0,67.03,-1.1842105263157894,1000 à 2499,1000 à 2499
147,Sainte-Élisabeth,MÉ,1390.0,1459.0,83.0,-4.729266620973269,1000 à 2499,1000 à 2499
148,Oka,MÉ,3968.0,3824.0,56.99,3.7656903765690375,2500 à 4999,2500 à 4999
149,Pointe-Calumet,MÉ,6281.0,6428.0,4.59,-2.286869943995022,5000 à 9999,5000 à 9999
150,Saint-Joseph-du-Lac,MÉ,7031.0,6687.0,41.22,5.144309854942426,5000 à 9999,5000 à 9999
151,Saint-Placide,MÉ,1784.0,1686.0,42.89,5.812574139976276,1000 à 2499,1000 à 2499
152,Durham-Sud,MÉ,1051.0,1043.0,92.64,0.7670182166826462,1000 à 2499,1000 à 2499
153,L'Avenir,MÉ,1350.0,1307.0,97.59,3.2899770466717673,1000 à 2499,1000 à 2499
154,Lefebvre,MÉ,925.0,904.0,66.18,2.3230088495575223,Moins de 1000,Moins de 1000
155,Saint-Bonaventure,MÉ,1066.0,1031.0,78.72,3.3947623666343354,1000 à 2499,1000 à 2499
156,Saint-Cyrille-de-Wendover,MÉ,4920.0,4723.0,110.2,4.171077704848613,2500 à 4999,2500 à 4999
157,Saint-Eugène,MÉ,1139.0,1126.0,75.84,1.1545293072824157,1000 à 2499,1000 à 2499
158,Saint-Félix-de-Kingsey,MÉ,1493.0,1430.0,126.28,4.405594405594406,1000 à 2499,1000 à 2499
159,Saint-Germain-de-Grantham,MÉ,4922.0,4917.0,87.47,0.1016880211511084,2500 à 4999,2500 à 4999
160,Saint-Guillaume,MÉ,1491.0,1476.0,87.91,1.016260162601626,1000 à 2499,1000 à 2499
161,Saint-Lucien,MÉ,1801.0,1647.0,110.99,9.350333940497874,1000 à 2499,1000 à 2499
162,Wickham,MÉ,2587.0,2541.0,98.63,1.810310901219992,2500 à 4999,2500 à 4999
163,Batiscan,MÉ,958.0,903.0,43.25,6.0908084163898115,Moins de 1000,Moins de 1000
164,Champlain,MÉ,1807.0,1735.0,58.17,4.14985590778098,1000 à 2499,1000 à 2499
165,Saint-Luc-de-Vincennes,MÉ,519.0,545.0,53.78,-4.770642201834862,Moins de 1000,Moins de 1000
166,Saint-Prosper-de-Champlain,MÉ,482.0,530.0,94.11,-9.056603773584905,Moins de 1000,Moins de 1000
167,Saint-Stanislas,MÉ,1001.0,1010.0,89.38,-0.8910891089108911,1000 à 2499,1000 à 2499
168,Sainte-Anne-de-la-Pérade,MÉ,2031.0,2019.0,109.28,0.5943536404160475,1000 à 2499,1000 à 2499
169,Crabtree,MÉ,4155.0,3958.0,25.06,4.977261243052046,2500 à 4999,2500 à 4999
170,Notre-Dame-de-Lourdes,MÉ,3141.0,2783.0,35.59,12.863816025871362,2500 à 4999,2500 à 4999
171,Saint-Ambroise-de-Kildare,MÉ,4090.0,3856.0,67.73,6.068464730290456,2500 à 4999,2500 à 4999
172,Saint-Paul,MÉ,6566.0,5891.0,49.11,11.458156509930403,5000 à 9999,5000 à 9999
173,Saint-Thomas,MÉ,3496.0,3249.0,94.57,7.60233918128655,2500 à 4999,2500 à 4999
174,Sainte-Mélanie,MÉ,3250.0,2989.0,76.1,8.732017397122783,2500 à 4999,2500 à 4999
175,Kamouraska,MÉ,607.0,616.0,44.07,-1.4610389610389611,Moins de 1000,Moins de 1000
176,Mont-Carmel,MÉ,1160.0,1127.0,428.26,2.9281277728482697,1000 à 2499,1000 à 2499
177,Rivière-Ouelle,MÉ,995.0,970.0,57.5,2.577319587628866,Moins de 1000,Moins de 1000
178,Saint-Alexandre-de-Kamouraska,MÉ,2255.0,2109.0,111.4,6.922712185870081,1000 à 2499,1000 à 2499
179,Saint-André-de-Kamouraska,MÉ,658.0,658.0,71.06,0.0,Moins de 1000,Moins de 1000
180,Saint-Bruno-de-Kamouraska,MÉ,515.0,541.0,188.44,-4.805914972273568,Moins de 1000,Moins de 1000
181,Saint-Denis-De La Bouteillerie,MÉ,518.0,517.0,33.84,0.19342359767891681,Moins de 1000,Moins de 1000
182,Saint-Gabriel-Lalemant,MÉ,660.0,716.0,77.92,-7.82122905027933,Moins de 1000,Moins de 1000
183,Saint-Onésime-d'Ixworth,MÉ,522.0,560.0,102.76,-6.785714285714286,Moins de 1000,Moins de 1000
184,Saint-Pacôme,MÉ,1806.0,1598.0,29.06,13.016270337922403,1000 à 2499,1000 à 2499
185,Sainte-Hélène-de-Kamouraska,MÉ,891.0,918.0,60.46,-2.9411764705882355,Moins de 1000,Moins de 1000
186,L'Islet,MÉ,3803.0,3827.0,119.95,-0.6271230729030572,2500 à 4999,2500 à 4999
187,Saint-Adalbert,MÉ,460.0,510.0,216.16,-9.803921568627452,Moins de 1000,Moins de 1000
188,Saint-Aubert,MÉ,1441.0,1474.0,98.45,-2.2388059701492535,1000 à 2499,1000 à 2499
189,Saint-Damase-de-L'Islet,MÉ,563.0,552.0,247.64,1.9927536231884058,Moins de 1000,Moins de 1000
190,Saint-Jean-Port-Joli,MÉ,3329.0,3407.0,69.31,-2.289404167889639,2500 à 4999,2500 à 4999
191,Saint-Marcel,MÉ,422.0,428.0,178.83,-1.4018691588785046,Moins de 1000,Moins de 1000
192,Saint-Omer,MÉ,294.0,277.0,122.44,6.137184115523466,Moins de 1000,Moins de 1000
193,Saint-Roch-des-Aulnaies,MÉ,955.0,917.0,49.14,4.143947655398037,Moins de 1000,Moins de 1000
194,Sainte-Félicité,MÉ,350.0,389.0,94.89,-10.025706940874036,Moins de 1000,Moins de 1000
195,Sainte-Perpétue,MÉ,1715.0,1639.0,291.04,4.636973764490543,1000 à 2499,1000 à 2499
196,Tourville,MÉ,576.0,589.0,164.36,-2.2071307300509337,Moins de 1000,Moins de 1000
197,Inverness,MÉ,910.0,899.0,176.11,1.2235817575083425,Moins de 1000,Moins de 1000
198,Laurierville,MÉ,1313.0,1346.0,107.91,-2.4517087667161963,1000 à 2499,1000 à 2499
199,Lyster,MÉ,1587.0,1605.0,167.55,-1.1214953271028036,1000 à 2499,1000 à 2499
200,Saint-Ferdinand,MÉ,2007.0,2076.0,137.16,-3.3236994219653178,1000 à 2499,1000 à 2499
201,Sainte-Sophie-d'Halifax,MÉ,595.0,612.0,92.13,-2.7777777777777777,Moins de 1000,Moins de 1000
202,Villeroy,MÉ,488.0,457.0,101.9,6.783369803063457,Moins de 1000,Moins de 1000
203,Saint-François-de-l'Île-d'Orléans,MÉ,536.0,527.0,28.96,1.7077798861480076,Moins de 1000,Moins de 1000
204,Saint-Jean-de-l'Île-d'Orléans,MÉ,1026.0,1059.0,43.48,-3.1161473087818696,1000 à 2499,1000 à 2499
205,Saint-Laurent-de-l'Île-d'Orléans,MÉ,1607.0,1532.0,35.64,4.89556135770235,1000 à 2499,1000 à 2499
206,Saint-Pierre-de-l'Île-d'Orléans,MÉ,1743.0,1993.0,31.64,-12.54390366281987,1000 à 2499,1000 à 2499
207,Sainte-Famille-de-l'Île-d'Orléans,MÉ,850.0,938.0,50.54,-9.381663113006397,Moins de 1000,Moins de 1000
208,Boischatel,MÉ,8231.0,7587.0,20.36,8.4882035059971,5000 à 9999,5000 à 9999
209,L'Ange-Gardien,MÉ,3842.0,3695.0,53.61,3.9783491204330175,2500 à 4999,2500 à 4999
210,Saint-Ferréol-les-Neiges,MÉ,3806.0,3240.0,83.18,17.469135802469136,2500 à 4999,2500 à 4999
211,Saint-Tite-des-Caps,MÉ,1504.0,1473.0,129.3,2.104548540393754,1000 à 2499,1000 à 2499
212,Grande-Vallée,MÉ,1077.0,1057.0,144.16,1.8921475875118259,1000 à 2499,1000 à 2499
213,Petite-Vallée,MÉ,157.0,170.0,39.9,-7.647058823529412,Moins de 1000,Moins de 1000
214,Colombier,MÉ,635.0,685.0,361.23,-7.299270072992701,Moins de 1000,Moins de 1000
215,Les Bergeronnes,MÉ,619.0,661.0,268.77,-6.354009077155824,Moins de 1000,Moins de 1000
216,Les Escoumins,MÉ,1794.0,1891.0,265.89,-5.129561078794289,1000 à 2499,1000 à 2499
217,Longue-Rive,MÉ,918.0,1026.0,308.06,-10.526315789473685,Moins de 1000,Moins de 1000
218,Portneuf-sur-Mer 3,MÉ,612.0,641.0,181.9,-4.5241809672386895,Moins de 1000,Moins de 1000
219,Sacré-Coeur,MÉ,1684.0,1803.0,303.15,-6.600110926234055,1000 à 2499,1000 à 2499
220,La Martre,MÉ,194.0,243.0,175.23,-20.16460905349794,Moins de 1000,Moins de 1000
221,Rivière-à-Claude,MÉ,141.0,128.0,155.95,10.15625,Moins de 1000,Moins de 1000
222,Saint-Maxime-du-Mont-Louis,MÉ,1047.0,1134.0,232.67,-7.671957671957672,1000 à 2499,1000 à 2499
223,Sainte-Madeleine-de-la-Rivière-Madeleine,MÉ,289.0,289.0,262.35,0.0,Moins de 1000,Moins de 1000
224,Roxton Pond,MÉ,4224.0,3809.0,97.64,10.895248096613285,2500 à 4999,2500 à 4999
225,Saint-Alphonse-de-Granby,MÉ,3341.0,3094.0,50.12,7.983193277310924,2500 à 4999,2500 à 4999
226,Saint-Joachim-de-Shefford,MÉ,1476.0,1301.0,126.91,13.45119139123751,1000 à 2499,1000 à 2499
227,Sainte-Cécile-de-Milton,MÉ,2195.0,2160.0,72.96,1.6203703703703705,1000 à 2499,1000 à 2499
228,Lac-Beauport,MÉ,8164.0,7801.0,61.73,4.653249583386745,5000 à 9999,5000 à 9999
229,Saint-Gabriel-de-Valcartier,MÉ,3223.0,3382.0,432.62,-4.701360141927854,2500 à 4999,2500 à 4999
230,Baie-des-Sables,MÉ,613.0,628.0,65.07,-2.388535031847134,Moins de 1000,Moins de 1000
231,Grosses-Roches 3,MÉ,375.0,394.0,63.59,-4.822335025380711,Moins de 1000,Moins de 1000
232,Les Méchins,MÉ,995.0,987.0,441.39,0.8105369807497467,Moins de 1000,Moins de 1000
233,Saint-René-de-Matane 3,MÉ,961.0,991.0,253.89,-3.027245206861756,Moins de 1000,Moins de 1000
234,Saint-Ulric,MÉ,1567.0,1585.0,120.45,-1.135646687697161,1000 à 2499,1000 à 2499
235,Sainte-Félicité 3,MÉ,1100.0,1087.0,90.73,1.1959521619135234,1000 à 2499,1000 à 2499
236,Sainte-Paule,MÉ,247.0,233.0,83.36,6.008583690987124,Moins de 1000,Moins de 1000
237,Albertville,MÉ,239.0,226.0,103.13,5.752212389380531,Moins de 1000,Moins de 1000
238,Lac-au-Saumon,MÉ,1488.0,1450.0,81.05,2.6206896551724137,1000 à 2499,1000 à 2499
239,Saint-Vianney,MÉ,446.0,441.0,145.6,1.1337868480725624,Moins de 1000,Moins de 1000
240,Sainte-Florence,MÉ,367.0,384.0,103.48,-4.427083333333333,Moins de 1000,Moins de 1000
241,Sainte-Marguerite-Marie,MÉ,183.0,166.0,85.97,10.240963855421686,Moins de 1000,Moins de 1000
242,Sayabec 3,MÉ,1706.0,1831.0,130.31,-6.826870562534134,1000 à 2499,1000 à 2499
243,Val-Brillant,MÉ,899.0,927.0,77.9,-3.0204962243797193,Moins de 1000,Moins de 1000
244,Grand-Métis 3,MÉ,218.0,213.0,25.12,2.347417840375587,Moins de 1000,Moins de 1000
245,Les Hauteurs,MÉ,485.0,504.0,102.92,-3.7698412698412698,Moins de 1000,Moins de 1000
246,Padoue,MÉ,250.0,245.0,66.66,2.0408163265306123,Moins de 1000,Moins de 1000
247,Saint-Gabriel-de-Rimouski,MÉ,1177.0,1167.0,126.98,0.856898029134533,1000 à 2499,1000 à 2499
248,Sainte-Angèle-de-Mérici,MÉ,989.0,953.0,107.78,3.777544596012592,Moins de 1000,Moins de 1000
249,Sainte-Luce,MÉ,2845.0,2801.0,72.59,1.5708675473045342,2500 à 4999,2500 à 4999
250,Frampton 3,MÉ,1309.0,1297.0,151.27,0.9252120277563608,1000 à 2499,1000 à 2499
251,Saint-Bernard,MÉ,2535.0,2321.0,90.1,9.22016372253339,2500 à 4999,2500 à 4999
252,Saint-Elzéar,MÉ,2623.0,2400.0,87.07,9.291666666666666,2500 à 4999,2500 à 4999
253,Saint-Isidore,MÉ,3286.0,2880.0,102.61,14.097222222222221,2500 à 4999,2500 à 4999
254,Saint-Lambert-de-Lauzon,MÉ,6817.0,6647.0,106.76,2.557544757033248,5000 à 9999,5000 à 9999
255,Scott,MÉ,2566.0,2352.0,31.29,9.098639455782314,2500 à 4999,2500 à 4999
256,Vallée-Jonction 5,MÉ,1864.0,1875.0,25.45,-0.5866666666666667,1000 à 2499,1000 à 2499
257,Saint-Hippolyte,MÉ,10669.0,9113.0,119.5,17.07450894326786,plus de 10000,plus de 10000
258,Sainte-Sophie,MÉ,18080.0,15690.0,111.2,15.232632249840663,plus de 10000,
259,La Bostonnais,MÉ,556.0,635.0,284.32,-12.440944881889763,Moins de 1000,Moins de 1000
260,Lac-Édouard,MÉ,220.0,191.0,898.32,15.18324607329843,Moins de 1000,Moins de 1000
261,Belcourt,MÉ,219.0,225.0,409.74,-2.6666666666666665,Moins de 1000,Moins de 1000
262,Rivière-Héva,MÉ,1495.0,1419.0,423.27,5.355884425651867,1000 à 2499,1000 à 2499
263,Blue Sea,MÉ,696.0,639.0,72.97,8.92018779342723,Moins de 1000,Moins de 1000
264,Bois-Franc,MÉ,411.0,421.0,71.56,-2.375296912114014,Moins de 1000,Moins de 1000
265,Bouchette,MÉ,695.0,731.0,122.09,-4.924760601915184,Moins de 1000,Moins de 1000
266,Cayamant,MÉ,895.0,821.0,382.49,9.013398294762485,Moins de 1000,Moins de 1000
267,Denholm,MÉ,546.0,505.0,177.33,8.118811881188119,Moins de 1000,Moins de 1000
268,Déléage,MÉ,1916.0,1852.0,248.26,3.4557235421166306,1000 à 2499,1000 à 2499
269,Egan-Sud,MÉ,508.0,504.0,49.82,0.7936507936507936,Moins de 1000,Moins de 1000
270,Grand-Remous,MÉ,1159.0,1161.0,351.63,-0.17226528854435832,1000 à 2499,1000 à 2499
271,Kazabazua,MÉ,1037.0,945.0,172.91,9.735449735449736,1000 à 2499,1000 à 2499
272,Lac-Sainte-Marie,MÉ,677.0,566.0,205.71,19.6113074204947,Moins de 1000,Moins de 1000
273,Messines,MÉ,1655.0,1609.0,110.11,2.8589185829707895,1000 à 2499,1000 à 2499
274,Montcerf-Lytton,MÉ,653.0,636.0,354.64,2.6729559748427674,Moins de 1000,Moins de 1000
275,Sainte-Thérèse-de-la-Gatineau,MÉ,588.0,520.0,60.68,13.076923076923077,Moins de 1000,Moins de 1000
276,McMasterville,MÉ,5936.0,5698.0,3.12,4.176904176904177,5000 à 9999,5000 à 9999
277,Saint-Antoine-sur-Richelieu,MÉ,1738.0,1694.0,65.67,2.5974025974025974,1000 à 2499,1000 à 2499
278,Saint-Charles-sur-Richelieu,MÉ,1735.0,1717.0,64.91,1.04834012813046,1000 à 2499,1000 à 2499
279,Saint-Denis-sur-Richelieu,MÉ,2339.0,2308.0,84.64,1.34315424610052,1000 à 2499,1000 à 2499
280,Saint-Jean-Baptiste,MÉ,3179.0,3107.0,72.36,2.3173479240424846,2500 à 4999,2500 à 4999
281,Saint-Marc-sur-Richelieu,MÉ,2245.0,2172.0,60.92,3.3609576427255985,1000 à 2499,1000 à 2499
282,Saint-Mathieu-de-Beloeil,MÉ,2952.0,2619.0,39.39,12.714776632302405,2500 à 4999,2500 à 4999
283,Hébertville 3,MÉ,2500.0,2542.0,260.74,-1.6522423288749017,2500 à 4999,2500 à 4999
284,Labrecque,MÉ,1328.0,1321.0,152.67,0.5299015897047691,1000 à 2499,1000 à 2499
285,Lamarche,MÉ,476.0,514.0,81.45,-7.392996108949417,Moins de 1000,Moins de 1000
286,Saint-Bruno,MÉ,2902.0,2801.0,77.86,3.605855051767226,2500 à 4999,2500 à 4999
287,Saint-Gédéon,MÉ,2177.0,2085.0,63.38,4.4124700239808154,1000 à 2499,1000 à 2499
288,Saint-Henri-de-Taillon 5,MÉ,803.0,826.0,61.74,-2.7845036319612593,Moins de 1000,Moins de 1000
289,Saint-Ludger-de-Milot,MÉ,637.0,651.0,107.46,-2.150537634408602,Moins de 1000,Moins de 1000
290,Saint-Nazaire,MÉ,2029.0,2073.0,144.76,-2.122527737578389,1000 à 2499,1000 à 2499
291,Sainte-Monique,MÉ,858.0,846.0,152.53,1.4184397163120568,Moins de 1000,Moins de 1000
292,Chambord,MÉ,1748.0,1765.0,120.85,-0.9631728045325779,1000 à 2499,1000 à 2499
293,Lac-Bouchette,MÉ,1183.0,1196.0,904.26,-1.0869565217391304,1000 à 2499,1000 à 2499
294,Saint-François-de-Sales,MÉ,643.0,616.0,197.2,4.383116883116883,Moins de 1000,Moins de 1000
295,Saint-Prime,MÉ,2760.0,2753.0,147.16,0.25426807119505995,2500 à 4999,2500 à 4999
296,Sainte-Hedwidge,MÉ,870.0,846.0,461.67,2.8368794326241136,Moins de 1000,Moins de 1000
297,Audet,MÉ,708.0,734.0,134.95,-3.542234332425068,Moins de 1000,Moins de 1000
298,Courcelles,MÉ,814.0,823.0,90.34,-1.0935601458080195,Moins de 1000,Moins de 1000
299,Frontenac,MÉ,1811.0,1734.0,223.6,4.440599769319492,1000 à 2499,1000 à 2499
300,Lac-Drolet,MÉ,1067.0,1021.0,124.3,4.505386875612145,1000 à 2499,1000 à 2499
301,Lambton,MÉ,1630.0,1617.0,108.45,0.8039579468150897,1000 à 2499,1000 à 2499
302,Milan,MÉ,318.0,299.0,129.44,6.354515050167224,Moins de 1000,Moins de 1000
303,Nantes,MÉ,1388.0,1377.0,119.16,0.7988380537400145,1000 à 2499,1000 à 2499
304,Notre-Dame-des-Bois,MÉ,1028.0,938.0,192.51,9.594882729211088,1000 à 2499,1000 à 2499
305,Piopolis,MÉ,398.0,358.0,103.38,11.1731843575419,Moins de 1000,Moins de 1000
306,Saint-Ludger,MÉ,1074.0,1071.0,127.58,0.2801120448179272,1000 à 2499,1000 à 2499
307,Saint-Robert-Bellarmin,MÉ,529.0,575.0,236.33,-8.0,Moins de 1000,Moins de 1000
308,Saint-Romain,MÉ,711.0,691.0,112.12,2.894356005788712,Moins de 1000,Moins de 1000
309,Saint-Sébastien,MÉ,674.0,657.0,91.95,2.5875190258751903,Moins de 1000,Moins de 1000
310,Sainte-Cécile-de-Whitton,MÉ,853.0,863.0,146.46,-1.1587485515643106,Moins de 1000,Moins de 1000
311,Stornoway,MÉ,535.0,530.0,180.15,0.9433962264150944,Moins de 1000,Moins de 1000
312,Val-Racine,MÉ,183.0,178.0,116.06,2.808988764044944,Moins de 1000,Moins de 1000
313,Henryville,MÉ,1497.0,1406.0,64.82,6.472261735419631,1000 à 2499,1000 à 2499
314,Lacolle,MÉ,2708.0,2596.0,49.41,4.314329738058552,2500 à 4999,2500 à 4999
315,Mont-Saint-Grégoire,MÉ,3136.0,3077.0,79.83,1.9174520636984076,2500 à 4999,2500 à 4999
316,Noyan,MÉ,1418.0,1392.0,44.28,1.867816091954023,1000 à 2499,1000 à 2499
317,Saint-Alexandre,MÉ,2678.0,2469.0,76.27,8.464965573106522,2500 à 4999,2500 à 4999
318,Saint-Blaise-sur-Richelieu,MÉ,2092.0,2066.0,69.54,1.2584704743465633,1000 à 2499,1000 à 2499
319,Saint-Georges-de-Clarenceville,MÉ,1154.0,1103.0,63.06,4.623753399818677,1000 à 2499,1000 à 2499
320,Saint-Paul-de-l'Île-aux-Noix,MÉ,2141.0,1980.0,29.85,8.131313131313131,1000 à 2499,1000 à 2499
321,Saint-Sébastien,MÉ,692.0,718.0,63.29,-3.6211699164345403,Moins de 1000,Moins de 1000
322,Saint-Valentin,MÉ,418.0,447.0,39.27,-6.487695749440716,Moins de 1000,Moins de 1000
323,Sainte-Brigide-d'Iberville,MÉ,1428.0,1402.0,70.52,1.854493580599144,1000 à 2499,1000 à 2499
324,Venise-en-Québec,MÉ,1899.0,1634.0,13.13,16.217870257037944,1000 à 2499,1000 à 2499
325,Ascot Corner,MÉ,3368.0,3158.0,81.64,6.649778340721976,2500 à 4999,2500 à 4999
326,Bury,MÉ,1252.0,1174.0,234.13,6.6439522998296425,1000 à 2499,1000 à 2499
327,Chartierville,MÉ,319.0,276.0,141.94,15.579710144927537,Moins de 1000,Moins de 1000
328,Dudswell,MÉ,1755.0,1727.0,218.01,1.6213086276780544,1000 à 2499,1000 à 2499
329,La Patrie,MÉ,805.0,768.0,204.61,4.817708333333333,Moins de 1000,Moins de 1000
330,Newport,MÉ,698.0,733.0,270.63,-4.774897680763984,Moins de 1000,Moins de 1000
331,Saint-Isidore-de-Clifton,MÉ,673.0,695.0,176.94,-3.1654676258992804,Moins de 1000,Moins de 1000
332,Weedon,MÉ,2667.0,2670.0,215.95,-0.11235955056179775,2500 à 4999,2500 à 4999
333,Elgin,MÉ,389.0,394.0,69.35,-1.2690355329949239,Moins de 1000,Moins de 1000
334,Franklin,MÉ,1635.0,1636.0,112.33,-0.061124694376528114,1000 à 2499,1000 à 2499
335,Hinchinbrooke,MÉ,2187.0,2103.0,148.36,3.9942938659058487,1000 à 2499,1000 à 2499
336,Howick,MÉ,850.0,778.0,0.96,9.254498714652957,Moins de 1000,Moins de 1000
337,Ormstown,MÉ,3917.0,3595.0,142.24,8.956884561891515,2500 à 4999,2500 à 4999
338,Saint-Anicet,MÉ,2754.0,2626.0,135.03,4.874333587204874,2500 à 4999,2500 à 4999
339,Saint-Chrysostome,MÉ,2582.0,2645.0,100.2,-2.381852551984877,2500 à 4999,2500 à 4999
340,Sainte-Barbe,MÉ,1609.0,1324.0,40.14,21.525679758308158,1000 à 2499,1000 à 2499
341,Port-Daniel--Gascons,MÉ,2271.0,2210.0,300.29,2.760180995475113,1000 à 2499,1000 à 2499
342,Sainte-Thérèse-de-Gaspé,MÉ,979.0,1015.0,34.45,-3.5467980295566504,Moins de 1000,Moins de 1000
343,Bégin,MÉ,851.0,818.0,189.67,4.034229828850855,Moins de 1000,Moins de 1000
344,Ferland-et-Boilleau,MÉ,632.0,540.0,383.09,17.037037037037038,Moins de 1000,Moins de 1000
345,L'Anse-Saint-Jean,MÉ,1301.0,1201.0,501.79,8.32639467110741,1000 à 2499,1000 à 2499
346,Larouche,MÉ,1601.0,1486.0,84.71,7.738896366083446,1000 à 2499,1000 à 2499
347,Petit-Saguenay,MÉ,600.0,634.0,329.63,-5.3627760252365935,Moins de 1000,Moins de 1000
348,Rivière-Éternité,MÉ,414.0,413.0,473.17,0.24213075060532688,Moins de 1000,Moins de 1000
349,Saint-Ambroise,MÉ,3883.0,3781.0,149.37,2.697699021422904,2500 à 4999,2500 à 4999
350,Saint-Charles-de-Bourget,MÉ,784.0,736.0,62.13,6.521739130434782,Moins de 1000,Moins de 1000
351,Saint-David-de-Falardeau,MÉ,2996.0,2768.0,398.25,8.236994219653178,2500 à 4999,2500 à 4999
352,Saint-Fulgence,MÉ,2061.0,2071.0,351.91,-0.48285852245292127,1000 à 2499,1000 à 2499
353,Saint-Félix-d'Otis,MÉ,1109.0,956.0,233.16,16.00418410041841,1000 à 2499,1000 à 2499
354,Bonsecours,MÉ,650.0,608.0,60.36,6.907894736842105,Moins de 1000,Moins de 1000
355,Maricourt,MÉ,456.0,416.0,61.1,9.615384615384615,Moins de 1000,Moins de 1000
356,Racine,MÉ,1340.0,1323.0,105.63,1.2849584278155706,1000 à 2499,1000 à 2499
357,Saint-Claude,MÉ,1141.0,1185.0,118.85,-3.7130801687763713,1000 à 2499,1000 à 2499
358,Saint-Denis-de-Brompton,MÉ,4594.0,4054.0,70.29,13.320177602368032,2500 à 4999,2500 à 4999
359,Saint-François-Xavier-de-Brompton,MÉ,2469.0,2273.0,97.71,8.6229652441707,1000 à 2499,1000 à 2499
360,Sainte-Anne-de-la-Rochelle,MÉ,625.0,598.0,61.86,4.51505016722408,Moins de 1000,Moins de 1000
361,Stoke,MÉ,3014.0,2955.0,255.12,1.996615905245347,2500 à 4999,2500 à 4999
362,Ulverton,MÉ,433.0,418.0,51.27,3.588516746411483,Moins de 1000,Moins de 1000
363,Val-Joli,MÉ,1671.0,1619.0,91.69,3.211859172328598,1000 à 2499,1000 à 2499
364,Adstock,MÉ,2903.0,2806.0,290.03,3.4568781183178903,2500 à 4999,2500 à 4999
365,Beaulac-Garthby,MÉ,931.0,905.0,75.96,2.8729281767955803,Moins de 1000,Moins de 1000
366,East Broughton,MÉ,2248.0,2199.0,8.86,2.228285584356526,1000 à 2499,1000 à 2499
367,Irlande,MÉ,897.0,884.0,109.85,1.4705882352941178,Moins de 1000,Moins de 1000
368,Kinnear's Mills,MÉ,397.0,350.0,93.66,13.428571428571429,Moins de 1000,Moins de 1000
369,Saint-Adrien-d'Irlande,MÉ,395.0,399.0,53.18,-1.0025062656641603,Moins de 1000,Moins de 1000
370,Saint-Fortunat,MÉ,255.0,263.0,76.09,-3.041825095057034,Moins de 1000,Moins de 1000
371,Saint-Jacques-de-Leeds,MÉ,711.0,685.0,80.56,3.795620437956204,Moins de 1000,Moins de 1000
372,Saint-Jean-de-Brébeuf,MÉ,351.0,372.0,79.15,-5.645161290322581,Moins de 1000,Moins de 1000
373,Saint-Joseph-de-Coleraine,MÉ,1820.0,1762.0,126.76,3.2917139614074915,1000 à 2499,1000 à 2499
374,Saint-Julien,MÉ,378.0,376.0,81.7,0.5319148936170213,Moins de 1000,Moins de 1000
375,Saint-Pierre-de-Broughton,MÉ,889.0,898.0,150.56,-1.0022271714922049,Moins de 1000,Moins de 1000
376,Sainte-Clotilde-de-Beauce,MÉ,569.0,549.0,60.55,3.6429872495446265,Moins de 1000,Moins de 1000
377,Notre-Dame-des-Neiges,MÉ,1194.0,1085.0,94.44,10.046082949308756,1000 à 2499,1000 à 2499
378,Saint-Clément,MÉ,479.0,460.0,86.72,4.130434782608695,Moins de 1000,Moins de 1000
379,Saint-Guy,MÉ,76.0,54.0,139.54,40.74074074074074,Moins de 1000,Moins de 1000
380,Saint-Jean-de-Dieu,MÉ,1651.0,1596.0,152.04,3.4461152882205512,1000 à 2499,1000 à 2499
381,Saint-Mathieu-de-Rioux,MÉ,691.0,639.0,107.27,8.137715179968701,Moins de 1000,Moins de 1000
382,Saint-Médard,MÉ,216.0,209.0,75.28,3.349282296650718,Moins de 1000,Moins de 1000
383,Saint-Simon-de-Rimouski,MÉ,455.0,426.0,74.84,6.807511737089202,Moins de 1000,Moins de 1000
384,Sainte-Rita,MÉ,303.0,307.0,129.52,-1.3029315960912051,Moins de 1000,Moins de 1000
385,Cantley,MÉ,11449.0,10699.0,126.12,7.010000934666791,plus de 10000,plus de 10000
386,Chelsea,MÉ,8000.0,6909.0,112.65,15.790997249963816,5000 à 9999,5000 à 9999
387,L'Ange-Gardien,MÉ,6102.0,5464.0,216.05,11.676427525622255,5000 à 9999,5000 à 9999
388,La Pêche,MÉ,8636.0,7863.0,577.18,9.830853363856034,5000 à 9999,5000 à 9999
389,Notre-Dame-de-la-Salette,MÉ,841.0,727.0,113.33,15.680880330123797,Moins de 1000,Moins de 1000
390,Pontiac,MÉ,6142.0,5850.0,445.27,4.9914529914529915,5000 à 9999,5000 à 9999
391,Val-des-Monts,MÉ,13328.0,11582.0,434.77,15.07511656017959,plus de 10000,plus de 10000
392,Lac-Etchemin,MÉ,4028.0,3822.0,157.22,5.389848246991104,2500 à 4999,2500 à 4999
393,Saint-Benjamin,MÉ,1090.0,987.0,111.53,10.435663627152989,1000 à 2499,1000 à 2499
394,Saint-Louis-de-Gonzague,MÉ,390.0,374.0,118.01,4.278074866310161,Moins de 1000,Moins de 1000
395,Saint-Luc-de-Bellechasse,MÉ,449.0,438.0,161.99,2.5114155251141552,Moins de 1000,Moins de 1000
396,Saint-Magloire,MÉ,712.0,676.0,208.61,5.325443786982248,Moins de 1000,Moins de 1000
397,Saint-Prosper,MÉ,3596.0,3590.0,133.74,0.1671309192200557,2500 à 4999,2500 à 4999
398,Saint-Zacharie,MÉ,1684.0,1653.0,186.56,1.8753781004234724,1000 à 2499,1000 à 2499
399,Sainte-Aurélie,MÉ,856.0,847.0,78.25,1.062573789846517,Moins de 1000,Moins de 1000
400,Sainte-Justine,MÉ,1828.0,1820.0,126.28,0.43956043956043955,1000 à 2499,1000 à 2499
401,Sainte-Rose-de-Watford,MÉ,740.0,729.0,115.13,1.5089163237311385,Moins de 1000,Moins de 1000
402,Napierville,MÉ,4020.0,3899.0,4.5,3.1033598358553474,2500 à 4999,2500 à 4999
403,Saint-Bernard-de-Lacolle,MÉ,1542.0,1549.0,113.36,-0.45190445448676564,1000 à 2499,1000 à 2499
404,Saint-Cyprien-de-Napierville,MÉ,1735.0,1927.0,97.75,-9.963674104826154,1000 à 2499,1000 à 2499
405,Saint-Jacques-le-Mineur,MÉ,1766.0,1690.0,67.18,4.497041420118343,1000 à 2499,1000 à 2499
406,Saint-Michel,MÉ,3521.0,3186.0,59.82,10.514752040175768,2500 à 4999,2500 à 4999
407,Saint-Patrice-de-Sherrington,MÉ,1963.0,1960.0,92.55,0.15306122448979592,1000 à 2499,1000 à 2499
408,Saint-Édouard,MÉ,1365.0,1321.0,52.68,3.330809992429977,1000 à 2499,1000 à 2499
409,Sainte-Clotilde,MÉ,2646.0,1622.0,78.21,63.13193588162762,2500 à 4999,2500 à 4999
410,Huberdeau,MÉ,863.0,868.0,56.72,-0.576036866359447,Moins de 1000,Moins de 1000
411,Ivry-sur-le-Lac,MÉ,391.0,387.0,29.3,1.0335917312661498,Moins de 1000,Moins de 1000
412,La Conception,MÉ,1527.0,1337.0,127.37,14.210919970082275,1000 à 2499,1000 à 2499
413,La Minerve,MÉ,1421.0,1205.0,274.92,17.925311203319502,1000 à 2499,1000 à 2499
414,Labelle,MÉ,2765.0,2477.0,196.69,11.626968106580541,2500 à 4999,2500 à 4999
415,Lac-Supérieur,MÉ,1972.0,1888.0,365.98,4.4491525423728815,1000 à 2499,1000 à 2499
416,Lac-Tremblant-Nord,MÉ,60.0,42.0,20.62,42.857142857142854,Moins de 1000,Moins de 1000
417,Lantier,MÉ,891.0,834.0,48.19,6.83453237410072,Moins de 1000,Moins de 1000
418,Montcalm,MÉ,632.0,628.0,117.71,0.6369426751592356,Moins de 1000,Moins de 1000
419,Saint-Faustin--Lac-Carré,MÉ,3780.0,3499.0,120.21,8.030865961703343,2500 à 4999,2500 à 4999
420,Sainte-Lucie-des-Laurentides,MÉ,1445.0,1256.0,108.98,15.047770700636942,1000 à 2499,1000 à 2499
421,Val-Morin,MÉ,3123.0,2870.0,39.2,8.815331010452962,2500 à 4999,2500 à 4999
422,Val-des-Lacs,MÉ,750.0,744.0,126.7,0.8064516129032258,Moins de 1000,Moins de 1000
423,La Présentation,MÉ,2638.0,2540.0,94.39,3.858267716535433,2500 à 4999,2500 à 4999
424,Saint-Barnabé-Sud,MÉ,962.0,861.0,57.2,11.73054587688734,Moins de 1000,Moins de 1000
425,Saint-Bernard-de-Michaudville,MÉ,616.0,586.0,66.05,5.1194539249146755,Moins de 1000,Moins de 1000
426,Saint-Damase,MÉ,2447.0,2473.0,79.65,-1.0513546300040437,1000 à 2499,1000 à 2499
427,Saint-Dominique,MÉ,2741.0,2553.0,70.53,7.36388562475519,2500 à 4999,2500 à 4999
428,Saint-Hugues,MÉ,1340.0,1327.0,84.64,0.9796533534287868,1000 à 2499,1000 à 2499
429,Saint-Jude,MÉ,1326.0,1214.0,77.33,9.225700164744646,1000 à 2499,1000 à 2499
430,Saint-Liboire,MÉ,3036.0,3062.0,73.82,-0.8491182233834096,2500 à 4999,2500 à 4999
431,Saint-Louis,MÉ,740.0,712.0,47.21,3.932584269662921,Moins de 1000,Moins de 1000
432,Saint-Marcel-de-Richelieu,MÉ,507.0,497.0,51.27,2.0120724346076457,Moins de 1000,Moins de 1000
433,Saint-Simon,MÉ,1386.0,1413.0,69.05,-1.910828025477707,1000 à 2499,1000 à 2499
434,Saint-Valérien-de-Milton,MÉ,1767.0,1793.0,106.92,-1.4500836586726158,1000 à 2499,1000 à 2499
435,Sainte-Hélène-de-Bagot,MÉ,1696.0,1688.0,72.41,0.47393364928909953,1000 à 2499,1000 à 2499
436,Lac-des-Seize-Îles 5,MÉ,175.0,192.0,8.88,-8.854166666666666,Moins de 1000,Moins de 1000
437,Morin-Heights,MÉ,4678.0,4145.0,55.96,12.858866103739444,2500 à 4999,2500 à 4999
438,Piedmont,MÉ,3476.0,2950.0,24.36,17.83050847457627,2500 à 4999,2500 à 4999
439,Saint-Adolphe-d'Howard,MÉ,3824.0,3509.0,135.8,8.976916500427473,2500 à 4999,2500 à 4999
440,Wentworth-Nord 5,MÉ,1672.0,1361.0,152.87,22.850844966936076,1000 à 2499,1000 à 2499
441,Ham-Sud,MÉ,214.0,235.0,151.21,-8.936170212765957,Moins de 1000,Moins de 1000
442,Saint-Adrien,MÉ,522.0,522.0,98.52,0.0,Moins de 1000,Moins de 1000
443,Saint-Georges-de-Windsor,MÉ,958.0,958.0,127.46,0.0,Moins de 1000,Moins de 1000
444,Wotton,MÉ,1402.0,1430.0,143.15,-1.9580419580419581,1000 à 2499,1000 à 2499
445,Dosquet,MÉ,935.0,944.0,65.07,-0.9533898305084746,Moins de 1000,Moins de 1000
446,Leclercville,MÉ,491.0,473.0,136.61,3.8054968287526427,Moins de 1000,Moins de 1000
447,Lotbinière,MÉ,855.0,812.0,79.91,5.295566502463054,Moins de 1000,Moins de 1000
448,Saint-Agapit,MÉ,4526.0,4280.0,65.4,5.747663551401869,2500 à 4999,2500 à 4999
449,Saint-Antoine-de-Tilly,MÉ,1682.0,1598.0,59.95,5.256570713391739,1000 à 2499,1000 à 2499
450,Saint-Apollinaire,MÉ,7968.0,6110.0,96.83,30.409165302782323,5000 à 9999,5000 à 9999
451,Saint-Flavien,MÉ,1619.0,1618.0,66.16,0.06180469715698393,1000 à 2499,1000 à 2499
452,Saint-Gilles,MÉ,2910.0,2525.0,177.43,15.247524752475247,2500 à 4999,2500 à 4999
453,Saint-Janvier-de-Joly,MÉ,1079.0,984.0,109.88,9.654471544715447,1000 à 2499,1000 à 2499
454,Saint-Patrice-de-Beaurivage,MÉ,1109.0,1036.0,85.73,7.046332046332046,1000 à 2499,1000 à 2499
455,Saint-Sylvestre,MÉ,1019.0,1019.0,147.15,0.0,1000 à 2499,1000 à 2499
456,Sainte-Agathe-de-Lotbinière,MÉ,1049.0,1168.0,166.99,-10.188356164383562,1000 à 2499,1000 à 2499
457,Sainte-Croix,MÉ,2529.0,2516.0,69.63,0.5166931637519873,2500 à 4999,2500 à 4999
458,Val-Alain,MÉ,986.0,924.0,102.54,6.70995670995671,Moins de 1000,Moins de 1000
459,Franquelin,MÉ,285.0,313.0,436.55,-8.945686900958467,Moins de 1000,Moins de 1000
460,Calixa-Lavallée,MÉ,509.0,523.0,32.2,-2.676864244741874,Moins de 1000,Moins de 1000
461,Verchères,MÉ,5759.0,5835.0,72.63,-1.3024850042844902,5000 à 9999,5000 à 9999
462,Albanel,MÉ,2181.0,2262.0,197.45,-3.580901856763926,1000 à 2499,1000 à 2499
463,Girardville,MÉ,1018.0,988.0,124.11,3.0364372469635628,1000 à 2499,1000 à 2499
464,Notre-Dame-de-Lorette,MÉ,159.0,189.0,325.77,-15.873015873015873,Moins de 1000,Moins de 1000
465,Péribonka,MÉ,489.0,515.0,110.3,-5.048543689320389,Moins de 1000,Moins de 1000
466,Saint-Edmond-les-Plaines,MÉ,355.0,381.0,84.39,-6.824146981627297,Moins de 1000,Moins de 1000
467,Saint-Eugène-d'Argentenay,MÉ,487.0,488.0,87.05,-0.20491803278688525,Moins de 1000,Moins de 1000
468,Saint-Stanislas,MÉ,376.0,373.0,153.58,0.8042895442359249,Moins de 1000,Moins de 1000
469,Saint-Thomas-Didyme,MÉ,703.0,676.0,333.25,3.9940828402366866,Moins de 1000,Moins de 1000
470,Charette,MÉ,1034.0,953.0,41.9,8.499475341028331,1000 à 2499,1000 à 2499
471,Maskinongé,MÉ,2323.0,2319.0,73.31,0.172488141440276,1000 à 2499,1000 à 2499
472,Saint-Boniface,MÉ,5156.0,4832.0,107.42,6.7052980132450335,5000 à 9999,5000 à 9999
473,Saint-Justin,MÉ,961.0,973.0,78.96,-1.2332990750256938,Moins de 1000,Moins de 1000
474,Saint-Mathieu-du-Parc,MÉ,1482.0,1338.0,218.85,10.762331838565023,1000 à 2499,1000 à 2499
475,Saint-Paulin,MÉ,1541.0,1497.0,95.41,2.9392117568470275,1000 à 2499,1000 à 2499
476,Saint-Édouard-de-Maskinongé,MÉ,798.0,712.0,52.82,12.07865168539326,Moins de 1000,Moins de 1000
477,Saint-Élie-de-Caxton,MÉ,1934.0,1836.0,116.84,5.337690631808279,1000 à 2499,1000 à 2499
478,Sainte-Angèle-de-Prémont,MÉ,631.0,596.0,37.73,5.87248322147651,Moins de 1000,Moins de 1000
479,Sainte-Ursule,MÉ,1355.0,1330.0,67.83,1.8796992481203008,1000 à 2499,1000 à 2499
480,Yamachiche,MÉ,2813.0,2830.0,106.39,-0.6007067137809188,2500 à 4999,2500 à 4999
481,Chertsey,MÉ,5295.0,4696.0,286.05,12.755536626916525,5000 à 9999,5000 à 9999
482,Entrelacs,MÉ,1054.0,928.0,48.71,13.577586206896552,1000 à 2499,1000 à 2499
483,Notre-Dame-de-la-Merci,MÉ,1097.0,905.0,248.58,21.215469613259668,1000 à 2499,1000 à 2499
484,Rawdon,MÉ,11719.0,11057.0,185.38,5.987157456814687,plus de 10000,plus de 10000
485,Saint-Alphonse-Rodriguez,MÉ,3339.0,3162.0,97.54,5.597722960151803,2500 à 4999,2500 à 4999
486,Saint-Côme,MÉ,2583.0,2193.0,164.89,17.783857729138166,2500 à 4999,2500 à 4999
487,Saint-Donat,MÉ,4561.0,3888.0,350.17,17.309670781893004,2500 à 4999,2500 à 4999
488,Saint-Félix-de-Valois,MÉ,6975.0,6305.0,88.4,10.626486915146709,5000 à 9999,5000 à 9999
489,Saint-Jean-de-Matha,MÉ,4838.0,4450.0,109.49,8.719101123595506,2500 à 4999,2500 à 4999
490,Saint-Michel-des-Saints,MÉ,2496.0,2359.0,493.92,5.807545570156846,1000 à 2499,1000 à 2499
491,Saint-Zénon,MÉ,1317.0,1120.0,460.41,17.589285714285715,1000 à 2499,1000 à 2499
492,Sainte-Béatrix,MÉ,2170.0,1955.0,82.96,10.997442455242966,1000 à 2499,1000 à 2499
493,Sainte-Marcelline-de-Kildare,MÉ,1795.0,1594.0,34.52,12.60978670012547,1000 à 2499,1000 à 2499
494,Sainte-Émélie-de-l'Énergie,MÉ,1741.0,1567.0,150.08,11.10402042118698,1000 à 2499,1000 à 2499
495,Austin,MÉ,1748.0,1485.0,73.58,17.71043771043771,1000 à 2499,1000 à 2499
496,Bolton-Est,MÉ,1108.0,940.0,79.39,17.872340425531913,1000 à 2499,1000 à 2499
497,Eastman,MÉ,2279.0,1843.0,73.57,23.65708084644601,1000 à 2499,1000 à 2499
498,Hatley 3,MÉ,771.0,685.0,60.43,12.554744525547445,Moins de 1000,Moins de 1000
499,Ogden,MÉ,761.0,741.0,74.68,2.699055330634278,Moins de 1000,Moins de 1000
500,Saint-Benoît-du-Lac,MÉ,43.0,32.0,2.18,34.375,Moins de 1000,Moins de 1000
501,Saint-Étienne-de-Bolton,MÉ,816.0,674.0,47.27,21.068249258160236,Moins de 1000,Moins de 1000
502,Sainte-Catherine-de-Hatley,MÉ,2741.0,2479.0,86.34,10.568777732956837,2500 à 4999,2500 à 4999
503,Aguanish,MÉ,224.0,245.0,532.04,-8.571428571428571,Moins de 1000,Moins de 1000
504,Baie-Johan-Beetz,MÉ,84.0,86.0,327.46,-2.3255813953488373,Moins de 1000,Moins de 1000
505,Blanc-Sablon,MÉ,1122.0,1112.0,234.98,0.8992805755395683,1000 à 2499,1000 à 2499
506,Bonne-Espérance,MÉ,692.0,681.0,622.99,1.6152716593245227,Moins de 1000,Moins de 1000
507,Côte-Nord-du-Golfe-du-Saint-Laurent,MÉ,787.0,856.0,2597.05,-8.060747663551401,Moins de 1000,Moins de 1000
508,Gros-Mécatina 3,MÉ,356.0,451.0,742.15,-21.06430155210643,Moins de 1000,Moins de 1000
509,Havre-Saint-Pierre,MÉ,3337.0,3460.0,2570.09,-3.554913294797688,2500 à 4999,2500 à 4999
510,L'Île-d'Anticosti,MÉ,177.0,218.0,7715.99,-18.807339449541285,Moins de 1000,Moins de 1000
511,Longue-Pointe-de-Mingan,MÉ,408.0,434.0,370.03,-5.990783410138249,Moins de 1000,Moins de 1000
512,Natashquan,MÉ,262.0,263.0,667.91,-0.38022813688212925,Moins de 1000,Moins de 1000
513,Rivière-Saint-Jean,MÉ,227.0,215.0,513.36,5.5813953488372094,Moins de 1000,Moins de 1000
514,Rivière-au-Tonnerre,MÉ,281.0,279.0,605.14,0.7168458781362007,Moins de 1000,Moins de 1000
515,Saint-Augustin,MÉ,425.0,445.0,1137.68,-4.49438202247191,Moins de 1000,Moins de 1000
516,Saint-Alexis,MÉ,1370.0,1308.0,43.01,4.740061162079511,1000 à 2499,1000 à 2499
517,Saint-Calixte,MÉ,6792.0,6046.0,142.63,12.338736354614621,5000 à 9999,5000 à 9999
518,Saint-Esprit,MÉ,2011.0,1967.0,54.19,2.236908998474835,1000 à 2499,1000 à 2499
519,Saint-Jacques,MÉ,4302.0,3971.0,67.17,8.335431881138252,2500 à 4999,2500 à 4999
520,Saint-Liguori,MÉ,2066.0,1943.0,50.88,6.330416881111683,1000 à 2499,1000 à 2499
521,Saint-Roch-Ouest,MÉ,262.0,266.0,20.14,-1.5037593984962405,Moins de 1000,Moins de 1000
522,Saint-Roch-de-l'Achigan,MÉ,5453.0,5147.0,80.06,5.9452108024091705,5000 à 9999,5000 à 9999
523,Sainte-Julienne,MÉ,11173.0,9953.0,99.42,12.257610770621923,plus de 10000,plus de 10000
524,Sainte-Marie-Salomé,MÉ,1221.0,1209.0,33.79,0.9925558312655087,1000 à 2499,1000 à 2499
525,Berthier-sur-Mer,MÉ,1744.0,1555.0,26.85,12.154340836012862,1000 à 2499,1000 à 2499
526,Cap-Saint-Ignace,MÉ,3099.0,3089.0,204.32,0.32372936225315635,2500 à 4999,2500 à 4999
527,Lac-Frontière,MÉ,175.0,184.0,49.96,-4.891304347826087,Moins de 1000,Moins de 1000
528,Notre-Dame-du-Rosaire,MÉ,371.0,392.0,164.63,-5.357142857142857,Moins de 1000,Moins de 1000
529,Saint-François-de-la-Rivière-du-Sud,MÉ,1580.0,1623.0,96.35,-2.649414664202095,1000 à 2499,1000 à 2499
530,Saint-Just-de-Bretenières,MÉ,639.0,668.0,132.6,-4.341317365269461,Moins de 1000,Moins de 1000
531,Saint-Paul-de-Montminy,MÉ,849.0,785.0,162.77,8.152866242038217,Moins de 1000,Moins de 1000
532,Sainte-Euphémie-sur-Rivière-du-Sud,MÉ,338.0,320.0,92.44,5.625,Moins de 1000,Moins de 1000
533,Sainte-Lucie-de-Beauregard,MÉ,275.0,280.0,82.17,-1.7857142857142858,Moins de 1000,Moins de 1000
534,Notre-Dame-de-Montauban,MÉ,815.0,745.0,162.4,9.395973154362416,Moins de 1000,Moins de 1000
535,Sainte-Thècle,MÉ,2415.0,2484.0,212.48,-2.7777777777777777,1000 à 2499,1000 à 2499
536,Trois-Rives,MÉ,512.0,396.0,597.76,29.292929292929294,Moins de 1000,Moins de 1000
537,Aston-Jonction,MÉ,441.0,424.0,26.2,4.009433962264151,Moins de 1000,Moins de 1000
538,Baie-du-Febvre,MÉ,961.0,988.0,96.78,-2.7327935222672064,Moins de 1000,Moins de 1000
539,Grand-Saint-Esprit,MÉ,488.0,476.0,27.22,2.5210084033613445,Moins de 1000,Moins de 1000
540,La Visitation-de-Yamaska,MÉ,295.0,327.0,42.65,-9.785932721712538,Moins de 1000,Moins de 1000
541,Pierreville 5,MÉ,2104.0,2143.0,77.71,-1.8198786747550164,1000 à 2499,1000 à 2499
542,Saint-Célestin,MÉ,594.0,575.0,76.99,3.3043478260869565,Moins de 1000,Moins de 1000
543,Saint-François-du-Lac,MÉ,1898.0,1965.0,63.8,-3.409669211195929,1000 à 2499,1000 à 2499
544,Saint-Léonard-d'Aston,MÉ,2530.0,2331.0,82.55,8.537108537108537,2500 à 4999,2500 à 4999
545,Saint-Wenceslas,MÉ,1167.0,1157.0,79.57,0.8643042350907519,1000 à 2499,1000 à 2499
546,Sainte-Eulalie,MÉ,984.0,894.0,86.3,10.06711409395973,Moins de 1000,Moins de 1000
547,Sainte-Monique,MÉ,519.0,501.0,58.1,3.592814371257485,Moins de 1000,Moins de 1000
548,Boileau,MÉ,405.0,335.0,134.08,20.895522388059703,Moins de 1000,Moins de 1000
549,Bowman,MÉ,667.0,658.0,126.4,1.3677811550151975,Moins de 1000,Moins de 1000
550,Chénéville,MÉ,848.0,764.0,65.83,10.99476439790576,Moins de 1000,Moins de 1000
551,Duhamel,MÉ,569.0,430.0,427.32,32.325581395348834,Moins de 1000,Moins de 1000
552,Fassett,MÉ,453.0,431.0,12.52,5.104408352668213,Moins de 1000,Moins de 1000
553,Lac-Simon,MÉ,1057.0,944.0,95.65,11.970338983050848,1000 à 2499,1000 à 2499
554,Lac-des-Plages,MÉ,548.0,431.0,150.95,27.1461716937355,Moins de 1000,Moins de 1000
555,Mayo,MÉ,704.0,601.0,72.51,17.13810316139767,Moins de 1000,Moins de 1000
556,Montebello,MÉ,934.0,983.0,8.6,-4.984740590030519,Moins de 1000,Moins de 1000
557,Montpellier,MÉ,1112.0,985.0,246.12,12.893401015228426,1000 à 2499,1000 à 2499
558,Mulgrave-et-Derry,MÉ,461.0,369.0,289.52,24.932249322493224,Moins de 1000,Moins de 1000
559,Namur,MÉ,633.0,572.0,56.17,10.664335664335665,Moins de 1000,Moins de 1000
560,Notre-Dame-de-Bonsecours,MÉ,285.0,301.0,258.36,-5.3156146179401995,Moins de 1000,Moins de 1000
561,Notre-Dame-de-la-Paix,MÉ,675.0,648.0,105.96,4.166666666666667,Moins de 1000,Moins de 1000
562,Papineauville,MÉ,2153.0,2101.0,61.13,2.475011899095669,1000 à 2499,1000 à 2499
563,Plaisance,MÉ,1129.0,1088.0,36.21,3.7683823529411766,1000 à 2499,1000 à 2499
564,Ripon,MÉ,1735.0,1542.0,129.93,12.51621271076524,1000 à 2499,1000 à 2499
565,Saint-André-Avellin,MÉ,3562.0,3749.0,137.34,-4.987996799146439,2500 à 4999,2500 à 4999
566,Saint-Sixte,MÉ,490.0,469.0,84.34,4.477611940298507,Moins de 1000,Moins de 1000
567,Saint-Émile-de-Suffolk,MÉ,512.0,477.0,55.68,7.337526205450734,Moins de 1000,Moins de 1000
568,Val-des-Bois,MÉ,920.0,865.0,222.67,6.358381502890174,Moins de 1000,Moins de 1000
569,Saint-Aimé,MÉ,405.0,461.0,60.53,-12.147505422993492,Moins de 1000,Moins de 1000
570,Saint-David,MÉ,872.0,817.0,92.97,6.731946144430845,Moins de 1000,Moins de 1000
571,Saint-Robert,MÉ,1813.0,1803.0,64.97,0.5546311702717692,1000 à 2499,1000 à 2499
572,Saint-Roch-de-Richelieu,MÉ,2573.0,2188.0,34.44,17.595978062157222,2500 à 4999,2500 à 4999
573,Sainte-Anne-de-Sorel,MÉ,2731.0,2771.0,36.41,-1.443522194153735,2500 à 4999,2500 à 4999
574,Sainte-Victoire-de-Sorel,MÉ,2457.0,2461.0,75.26,-0.16253555465258024,1000 à 2499,1000 à 2499
575,Yamaska,MÉ,1736.0,1687.0,72.82,2.904564315352697,1000 à 2499,1000 à 2499
576,Alleyn-et-Cawood,MÉ,229.0,172.0,308.91,33.13953488372093,Moins de 1000,Moins de 1000
577,Bristol,MÉ,1199.0,1036.0,206.19,15.733590733590734,1000 à 2499,1000 à 2499
578,Bryson,MÉ,646.0,697.0,3.58,-7.317073170731708,Moins de 1000,Moins de 1000
579,Campbell's Bay,MÉ,705.0,744.0,3.42,-5.241935483870968,Moins de 1000,Moins de 1000
580,Clarendon,MÉ,1392.0,1256.0,330.46,10.828025477707007,1000 à 2499,1000 à 2499
581,L'Isle-aux-Allumettes,MÉ,1382.0,1334.0,185.94,3.598200899550225,1000 à 2499,1000 à 2499
582,L'Île-du-Grand-Calumet,MÉ,648.0,626.0,130.55,3.5143769968051117,Moins de 1000,Moins de 1000
583,Litchfield,MÉ,500.0,459.0,198.57,8.932461873638344,Moins de 1000,Moins de 1000
584,Mansfield-et-Pontefract,MÉ,2250.0,2285.0,466.61,-1.5317286652078774,1000 à 2499,1000 à 2499
585,Otter Lake,MÉ,1041.0,932.0,454.7,11.695278969957082,1000 à 2499,1000 à 2499
586,Rapides-des-Joachims,MÉ,141.0,156.0,238.9,-9.615384615384615,Moins de 1000,Moins de 1000
587,Shawville,MÉ,1668.0,1587.0,5.38,5.103969754253308,1000 à 2499,1000 à 2499
588,Sheenboro 3,MÉ,149.0,130.0,565.43,14.615384615384615,Moins de 1000,Moins de 1000
589,Thorne,MÉ,528.0,448.0,173.09,17.857142857142858,Moins de 1000,Moins de 1000
590,Waltham,MÉ,387.0,378.0,360.19,2.380952380952381,Moins de 1000,Moins de 1000
591,Deschambault-Grondines,MÉ,2235.0,2220.0,124.02,0.6756756756756757,1000 à 2499,1000 à 2499
592,Rivière-à-Pierre,MÉ,625.0,584.0,515.62,7.02054794520548,Moins de 1000,Moins de 1000
593,Saint-Alban,MÉ,1196.0,1198.0,148.47,-0.1669449081803005,1000 à 2499,1000 à 2499
594,Saint-Casimir,MÉ,1449.0,1430.0,66.5,1.3286713286713288,1000 à 2499,1000 à 2499
595,Saint-Léonard-de-Portneuf 3,MÉ,1140.0,1113.0,141.8,2.4258760107816713,1000 à 2499,1000 à 2499
596,Saint-Ubalde,MÉ,1456.0,1412.0,140.72,3.1161473087818696,1000 à 2499,1000 à 2499
597,Sainte-Christine-d'Auvergne 3,MÉ,617.0,551.0,143.6,11.978221415607985,Moins de 1000,Moins de 1000
598,Esprit-Saint,MÉ,340.0,341.0,168.96,-0.2932551319648094,Moins de 1000,Moins de 1000
599,Cacouna,MÉ,1848.0,1803.0,62.75,2.4958402662229617,1000 à 2499,1000 à 2499
600,L'Isle-Verte,MÉ,1356.0,1294.0,119.15,4.7913446676970635,1000 à 2499,1000 à 2499
601,Notre-Dame-du-Portage,MÉ,1296.0,1151.0,40.06,12.597741094700261,1000 à 2499,1000 à 2499
602,Saint-Antonin,MÉ,4338.0,4049.0,175.93,7.137564830822425,2500 à 4999,2500 à 4999
603,Saint-Cyprien,MÉ,1078.0,1066.0,138.43,1.125703564727955,1000 à 2499,1000 à 2499
604,Saint-François-Xavier-de-Viger,MÉ,247.0,245.0,111.27,0.8163265306122449,Moins de 1000,Moins de 1000
605,Saint-Hubert-de-Rivière-du-Loup,MÉ,1412.0,1279.0,192.2,10.398749022673965,1000 à 2499,1000 à 2499
606,Saint-Modeste,MÉ,1180.0,1162.0,109.72,1.549053356282272,1000 à 2499,1000 à 2499
607,Saint-Épiphane,MÉ,836.0,827.0,82.85,1.0882708585247884,Moins de 1000,Moins de 1000
608,Saint-Alfred 5,MÉ,519.0,482.0,43.49,7.676348547717843,Moins de 1000,Moins de 1000
609,Saint-Joseph-des-Érables,MÉ,377.0,410.0,51.43,-8.048780487804878,Moins de 1000,Moins de 1000
610,Saint-Victor,MÉ,2313.0,2448.0,120.45,-5.514705882352941,1000 à 2499,1000 à 2499
611,Saint-Mathieu,MÉ,2339.0,2156.0,31.41,8.487940630797773,1000 à 2499,1000 à 2499
612,Ange-Gardien,MÉ,2889.0,2699.0,90.21,7.03964431270841,2500 à 4999,2500 à 4999
613,Rougemont,MÉ,2696.0,2755.0,43.91,-2.1415607985480944,2500 à 4999,2500 à 4999
614,Saint-Mathias-sur-Richelieu,MÉ,4544.0,4531.0,47.02,0.28691238137276537,2500 à 4999,2500 à 4999
615,Saint-Paul-d'Abbotsford,MÉ,2886.0,2890.0,79.6,-0.1384083044982699,2500 à 4999,2500 à 4999
616,Sainte-Angèle-de-Monnoir,MÉ,1828.0,1823.0,44.8,0.27427317608337903,1000 à 2499,1000 à 2499
617,Béarn 3,MÉ,708.0,720.0,496.28,-1.6666666666666667,Moins de 1000,Moins de 1000
618,Duhamel-Ouest,MÉ,945.0,878.0,91.49,7.6309794988610475,Moins de 1000,Moins de 1000
619,Fugèreville,MÉ,326.0,326.0,157.12,0.0,Moins de 1000,Moins de 1000
620,Kipawa 5,MÉ,446.0,499.0,35.58,-10.62124248496994,Moins de 1000,Moins de 1000
621,Laforce,MÉ,320.0,231.0,436.78,38.52813852813853,Moins de 1000,Moins de 1000
622,Laverlochère-Angliers 5,MÉ,947.0,978.0,400.83,-3.1697341513292434,Moins de 1000,Moins de 1000
623,Lorrainville,MÉ,1286.0,1272.0,87.91,1.10062893081761,1000 à 2499,1000 à 2499
624,Moffet,MÉ,206.0,187.0,340.31,10.16042780748663,Moins de 1000,Moins de 1000
625,Notre-Dame-du-Nord,MÉ,1090.0,1052.0,74.34,3.612167300380228,1000 à 2499,1000 à 2499
626,Rémigny,MÉ,287.0,280.0,894.05,2.5,Moins de 1000,Moins de 1000
627,Saint-Bruno-de-Guigues,MÉ,1185.0,1154.0,125.77,2.68630849220104,1000 à 2499,1000 à 2499
628,Saint-Eugène-de-Guigues,MÉ,458.0,465.0,109.52,-1.5053763440860215,Moins de 1000,Moins de 1000
629,Auclair,MÉ,447.0,448.0,105.78,-0.22321428571428573,Moins de 1000,Moins de 1000
630,Biencourt,MÉ,433.0,464.0,187.12,-6.681034482758621,Moins de 1000,Moins de 1000
631,Lac-des-Aigles,MÉ,495.0,512.0,86.63,-3.3203125,Moins de 1000,Moins de 1000
632,Lejeune,MÉ,246.0,262.0,270.13,-6.106870229007634,Moins de 1000,Moins de 1000
633,Rivière-Bleue,MÉ,1261.0,1230.0,173.42,2.5203252032520327,1000 à 2499,1000 à 2499
634,Saint-Athanase,MÉ,303.0,317.0,292.63,-4.416403785488959,Moins de 1000,Moins de 1000
635,Saint-Elzéar-de-Témiscouata,MÉ,311.0,321.0,151.14,-3.115264797507788,Moins de 1000,Moins de 1000
636,Saint-Honoré-de-Témiscouata,MÉ,763.0,741.0,262.97,2.968960863697706,Moins de 1000,Moins de 1000
637,Saint-Jean-de-la-Lande 3,MÉ,232.0,248.0,107.03,-6.451612903225806,Moins de 1000,Moins de 1000
638,Saint-Juste-du-Lac,MÉ,543.0,561.0,166.94,-3.2085561497326203,Moins de 1000,Moins de 1000
639,Saint-Michel-du-Squatec,MÉ,1076.0,1113.0,361.23,-3.3243486073674755,1000 à 2499,1000 à 2499
640,Saint-Pierre-de-Lamy,MÉ,122.0,117.0,110.63,4.273504273504273,Moins de 1000,Moins de 1000
641,Les Coteaux,MÉ,5643.0,5368.0,11.64,5.122950819672131,5000 à 9999,5000 à 9999
642,Les Cèdres,MÉ,7184.0,6777.0,77.63,6.005607200826324,5000 à 9999,5000 à 9999
643,Rivière-Beaudette,MÉ,2489.0,2097.0,18.48,18.693371483071054,1000 à 2499,1000 à 2499
644,Saint-Clet,MÉ,1700.0,1779.0,39.32,-4.4406970207982015,1000 à 2499,1000 à 2499
645,Saint-Polycarpe,MÉ,2372.0,2224.0,69.88,6.654676258992806,1000 à 2499,1000 à 2499
646,Saint-Télesphore,MÉ,754.0,759.0,60.1,-0.6587615283267457,Moins de 1000,Moins de 1000
647,Saint-Zotique,MÉ,9618.0,7934.0,25.04,21.225107133854298,5000 à 9999,5000 à 9999
648,Sainte-Justine-de-Newton,MÉ,947.0,922.0,84.59,2.7114967462039044,Moins de 1000,Moins de 1000
649,Sainte-Marthe,MÉ,1014.0,1097.0,79.6,-7.566089334548769,1000 à 2499,1000 à 2499
650,Terrasse-Vaudreuil,MÉ,1887.0,1986.0,1.06,-4.984894259818731,1000 à 2499,1000 à 2499
651,Très-Saint-Rédempteur,MÉ,978.0,898.0,26.06,8.908685968819599,Moins de 1000,Moins de 1000
